R1	R2	R3	P1	P2	P3	P4	P5	A	B	C	D	E	Distr	Type	T_min	T_max	Formula	Number	n3	n4	comment	enthalpy	C_kjmol	enthalpy-C_kjmol
C3O	C+		O	C4+				0.333	1.84e-09	3.5	2.0	0.0	logn	4	10.0	800.0	4	595	1	1		216.87266497954076	0.029100434999999997	216.84356454454075
c-C6H6	C3H5+		CH3CCH	c-C6H7+				1.15e-10	0.0	0.0	2.0	0.0	logn	4	10.0	300.0	3	647	1	1		13.565171883387139	0.0	13.565171883387139
C2H2	C4H4+		H	c-C6H5+				9e-11	0.0	0.0	1.25	0.0	logn	4	10.0	300.0	3	649	1	1		37.013556177567054	0.0	37.013556177567054
CH4	C6H2+		H	C7H5+				8e-10	0.0	0.0	2.0	0.0	logn	4	10.0	300.0	3	667	1	1		51.31989363977762	0.0	51.31989363977762
C	C7H+		H	C8+				1e-09	0.0	0.0	2.0	0.0	logn	4	10.0	300.0	3	673	1	1		195.814110736379	0.0	195.814110736379
H2	C7H+		H	C7H2+				1e-17	0.0	0.0	2.0	0.0	logn	4	10.0	300.0	3	676	1	1		169.7773347994136	0.0	169.7773347994136
H2	H3C4N+		H	H3C4NH+				1e-09	0.0	0.0	2.0	0.0	logn	4	10.0	300.0	3	679	1	1		831.7208816876274	0.0	831.7208816876274
C	C7H2+		H2	C8+				5e-10	0.0	0.0	2.0	0.0	logn	4	10.0	300.0	3	686	1	1		26.036775936965395	0.0	26.036775936965395
H2	HC7N+		H	C7H2N+				5e-12	0.0	0.0	2.0	0.0	logn	4	10.0	300.0	3	697	1	1		10.55836477567688	0.0	10.55836477567688
C	C9H+		H	C10+				1e-09	0.0	0.0	2.0	0.0	logn	4	10.0	300.0	3	711	1	1		162.13251385047744	0.0	162.13251385047744
H2	C9H+		H	C9H2+				1e-17	0.0	0.0	2.0	0.0	logn	4	10.0	300.0	3	714	1	1		172.17982501230574	0.0	172.17982501230574
H2	C9HN+		H	C9H2N+				5e-12	0.0	0.0	2.0	0.0	logn	4	10.0	300.0	3	729	1	1		78.51064202693833	0.0	78.51064202693833
O	C3O		O2	C3				1e-11	0.0	0.0	2.0	0.0	logn	4	10.0	800.0	3	787	1	1		234.39483848530358	0.0	234.39483848530358
Si	C2H2		H	HCCSi				2.7e-10	-0.11	0.0	2.0	0.0	logn	4	10.0	300.0	3	836	1	1		79.64863384518517	0.0	79.64863384518517
Si	CH3CCH		H	SiC2CH3				2.7e-10	-0.11	0.0	2.0	0.0	logn	4	10.0	300.0	3	837	1	1		71.56433540634393	0.0	71.56433540634393
Si	C4H2		H	SiC4H				2.7e-10	-0.11	0.0	2.0	0.0	logn	4	10.0	300.0	3	838	1	1		64.04427271347475	0.0	64.04427271347475
Si	C6H2		H	SiC6H				2.7e-10	-0.11	0.0	2.0	0.0	logn	4	10.0	300.0	3	839	1	1		58.53978026937673	0.0	58.53978026937673
Si	C8H2		H	SiC8H				2.7e-10	-0.11	0.0	2.0	0.0	logn	4	10.0	300.0	3	840	1	1		56.104051223702236	0.0	56.104051223702236
Si	C2H4		H	H2CSiCH				2.4e-10	-0.12	0.0	2.0	0.0	logn	4	10.0	300.0	3	841	1	1		121.65061152212408	0.0	121.65061152212408
Si	CH3CHCH2		H	SiC3H5				2.4e-10	-0.12	0.0	2.0	0.0	logn	4	10.0	300.0	3	842	1	1		132.9497115575584	0.0	132.9497115575584
NH	NO		H	O	N2			4.7e-11	0.5	0.0	2.0	0.0	logn	4	10.0	800.0	3	899	1	1		14.346179427786753	0.0	14.346179427786753
OH	SiO		H	SiO2				2e-12	0.0	0.0	1.5	0.0	logn	4	10.0	300.0	3	903	1	1		14.91588671621791	0.0	14.91588671621791
CO2	CN+		NO	C2O+				2.25e-10	0.0	0.0	1.25	0.0	logn	4	10.0	300.0	3	921	1	1		138.05079589618379	0.0	138.05079589618379
H2O	PH+		H	H2PO+				0.333	8.19e-10	5.41	2.0	0.0	logn	4	10.0	800.0	4	1332	1	1		53.279152160002575	0.044980958099999996	53.234171201902576
NH3	PH+		H	PNH3+				0.333	1.02e-09	3.65	2.0	0.0	logn	4	10.0	800.0	4	1338	1	1		21.899727750085773	0.030347596499999997	21.869380153585773
CH4	PH+		H	PCH4+				5.5e-11	0.0	0.0	1.25	0.0	logn	4	10.0	300.0	3	1340	1	1		182.7457386262599	0.0	182.7457386262599
N	SiH+		H	SiN+				2e-10	0.0	0.0	2.0	0.0	logn	4	10.0	300.0	3	1351	1	1		110.21949608603413	0.0	110.21949608603413
H2	SiO+		H	HSiO+				3.2e-10	0.0	0.0	1.25	0.0	logn	4	10.0	300.0	3	1363	1	1		97.89274087847936	0.0	97.89274087847936
H	SiS+		HS	Si+				1.9e-09	0.0	0.0	2.0	0.0	logn	4	10.0	300.0	3	1365	1	1		12.627238191716344	0.0	12.627238191716344
H2	SiS+		H	HSiS+				1.5e-09	0.0	0.0	2.0	0.0	logn	4	10.0	300.0	3	1366	1	1		96.68104628123085	0.0	96.68104628123085
H2	CHSi+		H	CH2Si+				1.5e-09	0.0	0.0	2.0	0.0	logn	4	10.0	300.0	3	1443	1	1		156.48156549154587	0.0	156.48156549154587
C4H2	C2H3+		H	C6H4+				3e-10	0.0	0.0	2.0	0.0	logn	4	10.0	300.0	3	1488	1	1		19.383464111459514	0.0	19.383464111459514
Si	c-C3H2+		H2	l-SiC3+				2e-10	0.0	0.0	2.0	0.0	logn	4	10.0	300.0	3	1522	1	1		113.6820112634988	0.0	113.6820112634988
C4H2	c-C3H2+		H2	C7H2+				3e-10	0.0	0.0	2.0	0.0	logn	4	10.0	300.0	3	1553	1	1		25.99537179879952	0.0	25.99537179879952
CCH	C4H+		H2	C6+				0.5	1.21e-09	1.34	2.0	0.0	logn	4	10.0	134.0	4	1589	1	1		127.52393712275273	0.0111413094	127.51279581335272
CCH	C4H+		H2	C6+				0.5	1.21e-09	1.34	2.0	0.0	logn	4	134.0	800.0	5	1589	2	1		127.52393712275273	0.0111413094	127.51279581335272
SiO	HCO+		CO	HSiO+				1.0	1.18e-09	5.1	2.0	0.0	logn	4	10.0	800.0	4	1708	1	1		55.56695264795332	0.042403490999999995	55.52454915695332
C	C5H+		H	C6+				1e-09	0.0	0.0	2.0	0.0	logn	4	10.0	300.0	3	1784	1	1		248.75485429907656	0.0	248.75485429907656
H2	C5H+		H	C5H2+				1e-17	0.0	0.0	2.0	0.0	logn	4	10.0	300.0	3	1787	1	1		169.78022284968603	0.0	169.78022284968603
H2	HC4N+		H	H2C4N+				1.0	1.49e-09	0.0	2.0	0.0	logn	4	10.0	300.0	5	1817	1	2		17.994306442192247	0.0	17.994306442192247
C4H2	C4H3+		H	C8H4+				5e-10	0.0	0.0	2.0	0.0	logn	4	10.0	300.0	3	1867	1	1		67.81257438568262	0.0	67.81257438568262
C	C5H2+		H2	C6+				5e-10	0.0	0.0	2.0	0.0	logn	4	10.0	300.0	3	1872	1	1		78.97463144946516	0.0	78.97463144946516
C	CO		O	C2				1e-10	0.0	52800.0	2.0	0.0	logn	4	10.0	300.0	3	1951	1	1		466.0158806426259	439.00084799999996	27.015032642625954
C2H2	CH4+		H	H2	l-C3H3+			6.25e-11	0.0	0.0	2.0	0.0	logn	4	10.0	300.0	3	2257	1	1		27.581541489646405	0.0	27.581541489646405
H2O	SiCH3+		SiCH2	H3O+				1.0	7.79e-10	5.41	2.0	0.0	logn	4	10.0	800.0	4	2276	1	1		182.93853435715323	0.044980958099999996	182.89355339905322
CO	SiH4+		SiH3	HCO+				1.0	8.47e-10	0.251	2.0	0.0	logn	4	10.0	800.0	5	2278	1	1		44.81479418859525	0.0020869169099999997	44.81270727168525
H2	SiH4+		H	SiH5+				1e-09	0.0	0.0	2.0	0.0	logn	4	10.0	300.0	3	2279	1	1		49.82143377141777	0.0	49.82143377141777
S	C2H4+		H	H2	HC2S+			1e-09	0.0	0.0	2.0	0.0	logn	4	10.0	300.0	3	2290	1	1		128.466150379488	0.0	128.466150379488
C2H2	C2H4+		CH3	l-C3H3+				3.15e-10	0.0	0.0	2.0	0.0	logn	4	10.0	300.0	3	2297	1	1		34.71367576334391	0.0	34.71367576334391
HC3N	C2H4+		C2H3	HC3NH+				1.0	1.33e-09	5.44	2.0	0.0	logn	4	10.0	800.0	4	2312	1	1		14.282143477852534	0.0452303904	14.236913087452534
CCH	c-C3H3+		H2	C5H2+				0.5	1.26e-09	1.34	2.0	0.0	logn	4	10.0	134.0	4	2344	1	1		44.420712122375825	0.0111413094	44.40957081297582
CCH	c-C3H3+		H2	C5H2+				0.5	1.26e-09	1.34	2.0	0.0	logn	4	134.0	800.0	5	2344	2	1		44.420712122375825	0.0111413094	44.40957081297582
C2H2	c-C3H3+		H2	C5H3+				1e-09	0.0	0.0	1.5	0.0	logn	4	10.0	300.0	3	2348	1	1		49.95780277711711	0.0	49.95780277711711
c-C3H2	c-C3H3+		H	C6H4+				0.5	1.14e-09	5.54	2.0	0.0	logn	4	10.0	800.0	4	2357	1	1		41.80757251472823	0.046061831399999996	41.761510683328225
CH2CCH	c-C3H3+		H	c-C6H5+				0.5	1.25e-09	0.17	2.0	0.0	logn	4	10.0	800.0	5	2367	1	1		53.737215303454015	0.0014134497	53.73580185375401
HCCNC	C+		CCN	C2H+				0.2	1.87e-09	4.17	2.0	0.0	logn	4	10.0	800.0	4	2381	1	1		84.31788116194681	0.0346710897	84.28321007224682
HNCCC	C+		CH	C3N+				0.25	2.04e-09	7.29	2.0	0.0	logn	4	10.0	800.0	4	2386	1	1		67.2209231666484	0.0606120489	67.1603111177484
CH2PH	HCO+		CO	PCH4+				1.0	1.36e-09	1.26	2.0	0.0	logn	4	10.0	119.0	4	2493	1	1		36.362468884807264	0.0104761566	36.351992728207264
CH2PH	HCO+		CO	PCH4+				1.0	1.36e-09	1.26	2.0	0.0	logn	4	119.0	800.0	5	2493	2	1		36.362468884807264	0.0104761566	36.351992728207264
H2	HCP+		H	PCH2+				1e-09	0.0	0.0	2.0	0.0	logn	4	10.0	300.0	3	2550	1	1		30.715380011097274	0.0	30.715380011097274
OH	HNC+		CN	H2O+				1.0	7.52e-10	5.5	2.0	0.0	logn	4	10.0	800.0	4	2561	1	1		27.933954242372355	0.045729254999999996	27.888224987372354
CO	HNSi+		SiN	HCO+				1.0	7.93e-10	0.251	2.0	0.0	logn	4	10.0	800.0	5	2589	1	1		113.63280387606054	0.0020869169099999997	113.63071695915053
H2O	HNSi+		SiN	H3O+				1.0	7.79e-10	5.41	2.0	0.0	logn	4	10.0	800.0	4	2591	1	1		17.129637596407974	0.044980958099999996	17.084656638307976
H2O	P+		H	HPO+				0.5	8.22e-10	5.41	2.0	0.0	logn	4	10.0	800.0	4	2716	1	1		72.22140096304075	0.044980958099999996	72.17642000494075
P	H3O+		H2	HPO+				1e-09	0.0	0.0	2.0	0.0	logn	4	10.0	300.0	3	2741	1	1		26.76464335739745	0.0	26.76464335739745
S2	H3O+		H2O	HS2+				2e-09	0.0	0.0	2.0	0.0	logn	4	10.0	300.0	3	2747	1	1		31.97275594914343	0.0	31.97275594914343
SiO	H3O+		H2O	HSiO+				1.0	1.35e-09	5.1	2.0	0.0	logn	4	10.0	800.0	4	2750	1	1		152.07011892760588	0.042403490999999995	152.0277154366059
CCO	H3O+		H2O	C2HO+				3.32e-09	-0.5	0.0	2.0	0.0	logn	4	10.0	300.0	3	2753	1	1		86.65436367436187	0.0	86.65436367436187
HNSi	H3O+		H2O	HSiNH+				1.0	1.52e-09	0.377	2.0	0.0	logn	4	10.0	11.0	4	2761	1	1		74.72563981068883	0.0031345325699999997	74.72250527811883
HNSi	H3O+		H2O	HSiNH+				1.0	1.52e-09	0.377	2.0	0.0	logn	4	11.0	800.0	5	2761	2	1		74.72563981068883	0.0031345325699999997	74.72250527811883
CH2PH	H3O+		H2O	PCH4+				1.0	1.57e-09	1.26	2.0	0.0	logn	4	10.0	119.0	4	2787	1	1		132.86563516460907	0.0104761566	132.85515900800908
CH2PH	H3O+		H2O	PCH4+				1.0	1.57e-09	1.26	2.0	0.0	logn	4	119.0	800.0	5	2787	2	1		132.86563516460907	0.0104761566	132.85515900800908
C	SiC2H+		H	l-SiC3+				3e-10	0.0	0.0	2.0	0.0	logn	4	10.0	300.0	3	2838	1	1		212.42943122192912	0.0	212.42943122192912
CH4	S+		H	H3CS+				1.4e-10	0.0	0.0	1.25	0.0	logn	4	10.0	300.0	3	2962	1	1		47.860245771323285	0.0	47.860245771323285
C4H2	S+		CS	l-C3H2+				1.2e-10	0.0	0.0	2.0	0.0	logn	4	10.0	300.0	3	2964	1	1		120.02316634305151	0.0	120.02316634305151
C4H2	S+		HS	C4H+				1.6e-10	0.0	0.0	2.0	0.0	logn	4	10.0	300.0	3	2965	1	1		194.16684565591598	0.0	194.16684565591598
NH	Si+		H	SiN+				1.0	9.01e-10	4.4	2.0	0.0	logn	4	10.0	800.0	4	2968	1	1		117.10681323065917	0.036583404	117.07022982665917
H2O	Si+		H	HSiO+				1.0	8.37e-10	5.41	2.0	0.0	logn	4	10.0	800.0	4	2972	1	1		139.68641163233093	0.044980958099999996	139.64143067423092
HCN	Si+		H	SiNC+				1.0	1e-09	6.61	2.0	0.0	logn	4	10.0	800.0	4	2973	1	1		63.106050217299064	0.0549582501	63.05109196719906
c-C3H	Si+		H	l-SiC3+				1.0	1.29e-09	4.13	2.0	0.0	logn	4	10.0	800.0	4	2977	1	1		213.03263989307246	0.0343385133	212.99830137977244
l-C3H	Si+		H	l-SiC3+				1.0	1.36e-09	5.3	2.0	0.0	logn	4	10.0	800.0	4	2978	1	1		204.89792134836011	0.044066373	204.85385497536012
CH3	Si+		H	CH2Si+				1e-09	0.0	0.0	2.0	0.0	logn	4	10.0	300.0	3	2980	1	1		149.25001927840776	0.0	149.25001927840776
NH3	Si+		H	HSiNH+				1.0	1.04e-09	3.65	2.0	0.0	logn	4	10.0	800.0	4	2981	1	1		130.47311397591506	0.030347596499999997	130.44276637941505
C4H	Si+		H	SiC4+				1.0	1.48e-09	1.13	2.0	0.0	logn	4	10.0	95.0	4	2985	1	1		69.0488436648963	0.009395283299999998	69.0394483815963
C4H	Si+		H	SiC4+				1.0	1.48e-09	1.13	2.0	0.0	logn	4	95.0	800.0	5	2985	2	1		69.0488436648963	0.009395283299999998	69.0394483815963
C4H2	Si+		SiH	C4H+				1.6e-09	0.0	0.0	2.0	0.0	logn	4	10.0	300.0	3	2988	1	1		441.6624050389666	0.0	441.6624050389666
H2	C2+		CCH	H+				1.5e-09	0.0	1260.0	2.0	0.0	logn	4	10.0	800.0	3	2999	1	1		152.62446940276385	10.4761566	142.14831280276385
C	CH+		C2	H+				6e-11	0.0	0.0	2.0	0.0	logn	4	10.0	300.0	3	3022	1	2		46.3976216178867	0.0	46.3976216178867
OCS	CH+		C	HOCS+				0.449	1.63e-09	1.09	2.0	0.0	logn	4	10.0	90.0	4	3058	1	1		16.572892402389403	0.0090627069	16.563829695489403
OCS	CH+		C	HOCS+				0.449	1.63e-09	1.09	2.0	0.0	logn	4	90.0	800.0	5	3058	2	1		16.572892402389403	0.0090627069	16.563829695489403
Si	C3H+		H	l-SiC3+				2e-10	0.0	0.0	2.0	0.0	logn	4	10.0	300.0	3	3173	1	1		117.95348453521437	0.0	117.95348453521437
NO	C3H+		l-C3H	NO+				0.25	7.48e-10	0.411	2.0	0.0	logn	4	10.0	13.0	4	3175	1	1		19.061131452080566	0.0034172225099999994	19.057714229570568
NO	C3H+		l-C3H	NO+				0.25	7.48e-10	0.411	2.0	0.0	logn	4	13.0	800.0	5	3175	2	1		19.061131452080566	0.0034172225099999994	19.057714229570568
OCS	C3H+		H	C3O	CS+			0.333	1.11e-09	1.09	2.0	0.0	logn	4	10.0	90.0	4	3187	1	1		464.231388543207	0.0090627069	464.222325836307
OCS	C3H+		H	C3O	CS+			0.333	1.11e-09	1.09	2.0	0.0	logn	4	90.0	800.0	5	3187	2	1		464.231388543207	0.0090627069	464.222325836307
C2H2	C3H+		H	C5H2+				3e-10	0.0	0.0	1.5	0.0	logn	4	10.0	300.0	3	3190	1	1		82.46479786986416	0.0	82.46479786986416
NH3	C3H+		l-C3H	NH3+				0.167	9.93e-10	3.65	2.0	0.0	logn	4	10.0	800.0	4	3192	1	1		104.17613022771859	0.030347596499999997	104.1457826312186
C4H2	C3H+		CCH	C5H2+				1e-09	0.0	0.0	2.0	0.0	logn	4	10.0	300.0	3	3200	1	1		200.47615893131376	0.0	200.47615893131376
C2H3	CH3+		H	H2	l-C3H3+			9.5e-11	-0.5	0.0	2.0	0.0	logn	4	10.0	300.0	3	3247	1	1		15.610389542700744	0.0	15.610389542700744
C2H4	CH3+		H2	H2	l-C3H3+			2.3e-11	0.0	0.0	2.0	0.0	logn	4	10.0	300.0	3	3263	1	1		39.318428192717064	0.0	39.318428192717064
H2	SO2+		H	HSO2+				5e-12	0.0	0.0	1.25	0.0	logn	4	10.0	300.0	3	3361	1	1		113.50370251758577	0.0	113.50370251758577
H	C10H-		CCH	C8H-				1e-09	0.0	0.0	2.0	0.0	logn	4	10.0	300.0	3	3492	1	1		140.94661759669384	0.0	140.94661759669384
C	C10H-		C6	C5H-				1e-09	0.0	0.0	2.0	0.0	logn	4	10.0	300.0	3	3493	1	1		191.20210457495682	0.0	191.20210457495682
C	C10H2+		C9H	C2H+				1e-09	0.0	0.0	2.0	0.0	logn	4	10.0	300.0	3	3568	1	1		356.3221488480002	0.0	356.3221488480002
N	C10H2+		C9H	HNC+				2e-10	0.0	0.0	2.0	0.0	logn	4	10.0	300.0	3	3569	1	1		269.8848273987115	0.0	269.8848273987115
C5H3+	C6-		H	C6	C5H2			7.51e-08	-0.5	0.0	2.0	0.0	logn	4	10.0	300.0	3	3709	1	1		33.638564937365096	0.0	33.638564937365096
C5H3+	C8-		H	C5H2	C8			7.51e-08	-0.5	0.0	2.0	0.0	logn	4	10.0	300.0	3	3713	1	1		54.14828987007034	0.0	54.14828987007034
C5H3+	C8H-		H	C5H2	C8H			7.51e-08	-0.5	0.0	2.0	0.0	logn	4	10.0	300.0	3	3714	1	1		16.67077104988483	0.0	16.67077104988483
C5H3+	C10-		H	C5H2	C10			7.51e-08	-0.5	0.0	2.0	0.0	logn	4	10.0	300.0	3	3717	1	1		69.10201004373745	0.0	69.10201004373745
C5H3+	C10H-		H	C5H2	C10H			7.51e-08	-0.5	0.0	2.0	0.0	logn	4	10.0	300.0	3	3718	1	1		28.260359052926415	0.0	28.260359052926415
C5H3+	C3N-		H	C3N	C5H2			7.51e-08	-0.5	0.0	2.0	0.0	logn	4	10.0	300.0	3	3719	1	1		51.39295868492848	0.0	51.39295868492848
C7H3+	CN-		H	CN	C7H2			7.51e-08	-0.5	0.0	2.0	0.0	logn	4	10.0	300.0	3	3744	1	1		53.39188851315587	0.0	53.39188851315587
C7H3+	C4H-		H	C4H	C7H2			7.51e-08	-0.5	0.0	2.0	0.0	logn	4	10.0	300.0	3	3746	1	1		25.041732102551894	0.0	25.041732102551894
C7H3+	C6-		H	C6	C7H2			7.51e-08	-0.5	0.0	2.0	0.0	logn	4	10.0	300.0	3	3749	1	1		79.5008549408826	0.0	79.5008549408826
C7H3+	C6H-		H	C6H	C7H2			7.51e-08	-0.5	0.0	2.0	0.0	logn	4	10.0	300.0	3	3750	1	1		46.95197760654425	0.0	46.95197760654425
C7H3+	C8-		H	C8	C7H2			7.51e-08	-0.5	0.0	2.0	0.0	logn	4	10.0	300.0	3	3753	1	1		100.01057987373709	0.0	100.01057987373709
C7H3+	C8H-		H	C7H2	C8H			7.51e-08	-0.5	0.0	2.0	0.0	logn	4	10.0	300.0	3	3754	1	1		62.53306105355157	0.0	62.53306105355157
C7H3+	C9-		H	C7H2	C9			7.51e-08	-0.5	0.0	2.0	0.0	logn	4	10.0	300.0	3	3755	1	1		38.09711061229073	0.0	38.09711061229073
C7H3+	C10-		H	C7H2	C10			7.51e-08	-0.5	0.0	2.0	0.0	logn	4	10.0	300.0	3	3757	1	1		114.9643000474042	0.0	114.9643000474042
C7H3+	C10H-		H	C7H2	C10H			7.51e-08	-0.5	0.0	2.0	0.0	logn	4	10.0	300.0	3	3758	1	1		74.12264905629468	0.0	74.12264905629468
C7H3+	C3N-		H	C3N	C7H2			7.51e-08	-0.5	0.0	2.0	0.0	logn	4	10.0	300.0	3	3759	1	1		97.25524868859523	0.0	97.25524868859523
C9H3+	CN-		H	CN	C9H2			7.51e-08	-0.5	0.0	2.0	0.0	logn	4	10.0	300.0	3	3784	1	1		87.81671199575504	0.0	87.81671199575504
C9H3+	C4H-		H	C4H	C9H2			7.51e-08	-0.5	0.0	2.0	0.0	logn	4	10.0	300.0	3	3786	1	1		59.466555585001835	0.0	59.466555585001835
C9H3+	C6-		H	C6	C9H2			7.51e-08	-0.5	0.0	2.0	0.0	logn	4	10.0	300.0	3	3789	1	1		113.92567842378027	0.0	113.92567842378027
C9H3+	C6H-		H	C6H	C9H2			7.51e-08	-0.5	0.0	2.0	0.0	logn	4	10.0	300.0	3	3790	1	1		81.37680108899418	0.0	81.37680108899418
C9H3+	C7-		H	C7	C9H2			7.51e-08	-0.5	0.0	2.0	0.0	logn	4	10.0	300.0	3	3791	1	1		39.1962500160733	0.0	39.1962500160733
C9H3+	C8-		H	C8	C9H2			7.51e-08	-0.5	0.0	2.0	0.0	logn	4	10.0	300.0	3	3793	1	1		134.4354033560378	0.0	134.4354033560378
C9H3+	C8H-		H	C8H	C9H2			7.51e-08	-0.5	0.0	2.0	0.0	logn	4	10.0	300.0	3	3794	1	1		96.95788453585227	0.0	96.95788453585227
C9H3+	C9-		H	C9	C9H2			7.51e-08	-0.5	0.0	2.0	0.0	logn	4	10.0	300.0	3	3795	1	1		72.52193409459143	0.0	72.52193409459143
C9H3+	C9H-		H	C9H	C9H2			7.51e-08	-0.5	0.0	2.0	0.0	logn	4	10.0	300.0	3	3796	1	1		17.216848836575647	0.0	17.216848836575647
C9H3+	C10-		H	C10	C9H2			7.51e-08	-0.5	0.0	2.0	0.0	logn	4	10.0	300.0	3	3797	1	1		149.38912352970488	0.0	149.38912352970488
C9H3+	C10H-		H	C10H	C9H2			7.51e-08	-0.5	0.0	2.0	0.0	logn	4	10.0	300.0	3	3798	1	1		108.54747253889386	0.0	108.54747253889386
C9H3+	C3N-		H	C3N	C9H2			7.51e-08	-0.5	0.0	2.0	0.0	logn	4	10.0	300.0	3	3799	1	1		131.68007217089593	0.0	131.68007217089593
CF+	CN-		C	F	CN			7.51e-08	-0.5	0.0	2.0	0.0	logn	4	10.0	300.0	3	3804	1	1		23.74949241023802	0.0	23.74949241023802
CF+	C6-		C	F	C6			7.51e-08	-0.5	0.0	2.0	0.0	logn	4	10.0	300.0	3	3809	1	1		49.85845883796475	0.0	49.85845883796475
CF+	C6H-		C	F	C6H			7.51e-08	-0.5	0.0	2.0	0.0	logn	4	10.0	300.0	3	3810	1	1		17.309581503626397	0.0	17.309581503626397
CF+	C8-		C	F	C8			7.51e-08	-0.5	0.0	2.0	0.0	logn	4	10.0	300.0	3	3813	1	1		70.36818377052076	0.0	70.36818377052076
CF+	C8H-		C	F	C8H			7.51e-08	-0.5	0.0	2.0	0.0	logn	4	10.0	300.0	3	3814	1	1		32.890664950484485	0.0	32.890664950484485
CF+	C10-		C	F	C10			7.51e-08	-0.5	0.0	2.0	0.0	logn	4	10.0	300.0	3	3817	1	1		85.32190394448635	0.0	85.32190394448635
CF+	C10H-		C	F	C10H			7.51e-08	-0.5	0.0	2.0	0.0	logn	4	10.0	300.0	3	3818	1	1		44.48025295337683	0.0	44.48025295337683
CF+	C3N-		C	F	C3N			7.51e-08	-0.5	0.0	2.0	0.0	logn	4	10.0	300.0	3	3819	1	1		67.61285258567737	0.0	67.61285258567737
HC3S+	C8-		H	C3S	C8			7.51e-08	-0.5	0.0	2.0	0.0	logn	4	10.0	300.0	3	4053	1	1		17.55493449718944	0.0	17.55493449718944
HC3S+	C10-		H	C3S	C10			7.51e-08	-0.5	0.0	2.0	0.0	logn	4	10.0	300.0	3	4057	1	1		32.50865467145351	0.0	32.50865467145351
HC3S+	C3N-		H	C3N	C3S			7.51e-08	-0.5	0.0	2.0	0.0	logn	4	10.0	300.0	3	4059	1	1		14.799603312644544	0.0	14.799603312644544
HC4S+	C6-		H	C4S	C6			7.51e-08	-0.5	0.0	2.0	0.0	logn	4	10.0	300.0	3	4148	1	1		20.9570051465494	0.0	20.9570051465494
HC4S+	C8-		H	C4S	C8			7.51e-08	-0.5	0.0	2.0	0.0	logn	4	10.0	300.0	3	4152	1	1		41.46673007910541	0.0	41.46673007910541
HC4S+	C10-		H	C4S	C10			7.51e-08	-0.5	0.0	2.0	0.0	logn	4	10.0	300.0	3	4156	1	1		56.42045025277251	0.0	56.42045025277251
HC4S+	C10H-		H	C4S	C10H			7.51e-08	-0.5	0.0	2.0	0.0	logn	4	10.0	300.0	3	4157	1	1		15.57879926166299	0.0	15.57879926166299
HC4S+	C3N-		H	C3N	C4S			7.51e-08	-0.5	0.0	2.0	0.0	logn	4	10.0	300.0	3	4158	1	1		38.71139889396354	0.0	38.71139889396354
C10H2+	CN-		H	CN	C10H			7.51e-08	-0.5	0.0	2.0	0.0	logn	4	10.0	300.0	3	4243	1	1		57.38078471210031	0.0	57.38078471210031
C10H2+	C4H-		H	C4H	C10H			7.51e-08	-0.5	0.0	2.0	0.0	logn	4	10.0	300.0	3	4245	1	1		29.030628301347093	0.0	29.030628301347093
C10H2+	C6-		H	C6	C10H			7.51e-08	-0.5	0.0	2.0	0.0	logn	4	10.0	300.0	3	4248	1	1		83.48975114012552	0.0	83.48975114012552
C10H2+	C6H-		H	C6H	C10H			7.51e-08	-0.5	0.0	2.0	0.0	logn	4	10.0	300.0	3	4249	1	1		50.94087380533944	0.0	50.94087380533944
C10H2+	C8-		H	C8	C10H			7.51e-08	-0.5	0.0	2.0	0.0	logn	4	10.0	300.0	3	4252	1	1		103.99947607238305	0.0	103.99947607238305
C10H2+	C8H-		H	C8H	C10H			7.51e-08	-0.5	0.0	2.0	0.0	logn	4	10.0	300.0	3	4253	1	1		66.52195725219754	0.0	66.52195725219754
C10H2+	C9-		H	C9	C10H			7.51e-08	-0.5	0.0	2.0	0.0	logn	4	10.0	300.0	3	4254	1	1		42.08600681093669	0.0	42.08600681093669
C10H2+	C10-		H	C10	C10H			7.51e-08	-0.5	0.0	2.0	0.0	logn	4	10.0	300.0	3	4256	1	1		118.95319624605015	0.0	118.95319624605015
C10H2+	C10H-		H	C10H	C10H			7.51e-08	-0.5	0.0	2.0	0.0	logn	4	10.0	300.0	3	4257	1	1		78.11154525523912	0.0	78.11154525523912
C10H2+	C3N-		H	C3N	C10H			7.51e-08	-0.5	0.0	2.0	0.0	logn	4	10.0	300.0	3	4258	1	1		101.24414488724118	0.0	101.24414488724118
C5H5+	S-		H	S	H2	C5H2		7.51e-08	-0.5	0.0	2.0	0.0	logn	4	10.0	300.0	3	4262	1	1		37.14749895832617	0.0	37.14749895832617
C5H5+	CN-		H	CN	H2	C5H2		7.51e-08	-0.5	0.0	2.0	0.0	logn	4	10.0	300.0	3	4263	1	1		219.4970259750202	0.0	219.4970259750202
C5H5+	OH-		H	H2	OH	C5H2		7.51e-08	-0.5	0.0	2.0	0.0	logn	4	10.0	300.0	3	4264	1	1		17.21586716195565	0.0	17.21586716195565
C5H5+	C4H-		H	H2	C4H	C5H2		7.51e-08	-0.5	0.0	2.0	0.0	logn	4	10.0	300.0	3	4265	1	1		191.14686956441622	0.0	191.14686956441622
C5H5+	C5-		H	H2	C5	C5H2		7.51e-08	-0.5	0.0	2.0	0.0	logn	4	10.0	300.0	3	4266	1	1		120.8950479628358	0.0	120.8950479628358
C5H5+	C5H-		H	H2	C5H	C5H2		7.51e-08	-0.5	0.0	2.0	0.0	logn	4	10.0	300.0	3	4267	1	1		81.61982290107723	0.0	81.61982290107723
C5H5+	C6-		H	H2	C6	C5H2		7.51e-08	-0.5	0.0	2.0	0.0	logn	4	10.0	300.0	3	4268	1	1		245.60599240274692	0.0	245.60599240274692
C5H5+	C6H-		H	H2	C5H2	C6H		7.51e-08	-0.5	0.0	2.0	0.0	logn	4	10.0	300.0	3	4269	1	1		213.05711506825932	0.0	213.05711506825932
C5H5+	C7-		H	H2	C5H2	C7		7.51e-08	-0.5	0.0	2.0	0.0	logn	4	10.0	300.0	3	4270	1	1		170.87656399533844	0.0	170.87656399533844
C5H5+	C7H-		H	H2	C5H2	C7H		7.51e-08	-0.5	0.0	2.0	0.0	logn	4	10.0	300.0	3	4271	1	1		121.27616557183684	0.0	121.27616557183684
C5H5+	C8-		H	H2	C5H2	C8		7.51e-08	-0.5	0.0	2.0	0.0	logn	4	10.0	300.0	3	4272	1	1		266.1157173353029	0.0	266.1157173353029
C5H5+	C8H-		H	H2	C5H2	C8H		7.51e-08	-0.5	0.0	2.0	0.0	logn	4	10.0	300.0	3	4273	1	1		228.63819851526665	0.0	228.63819851526665
C5H5+	C9-		H	H2	C5H2	C9		7.51e-08	-0.5	0.0	2.0	0.0	logn	4	10.0	300.0	3	4274	1	1		204.2022480740058	0.0	204.2022480740058
C5H5+	C9H-		H	H2	C5H2	C9H		7.51e-08	-0.5	0.0	2.0	0.0	logn	4	10.0	300.0	3	4275	1	1		148.89716281599004	0.0	148.89716281599004
C5H5+	C10-		H	H2	C5H2	C10		7.51e-08	-0.5	0.0	2.0	0.0	logn	4	10.0	300.0	3	4276	1	1		281.06943750911927	0.0	281.06943750911927
C5H5+	C10H-		H	H2	C5H2	C10H		7.51e-08	-0.5	0.0	2.0	0.0	logn	4	10.0	300.0	3	4277	1	1		240.22778651800976	0.0	240.22778651800976
C5H5+	C3N-		H	H2	C3N	C5H2		7.51e-08	-0.5	0.0	2.0	0.0	logn	4	10.0	300.0	3	4278	1	1		263.3603861503103	0.0	263.3603861503103
C7H5+	S-		H	S	H2	C7H2		7.51e-08	-0.5	0.0	2.0	0.0	logn	4	10.0	300.0	3	4322	1	1		53.56939884412617	0.0	53.56939884412617
C7H5+	CN-		H	CN	H2	C7H2		7.51e-08	-0.5	0.0	2.0	0.0	logn	4	10.0	300.0	3	4323	1	1		235.9189258608202	0.0	235.9189258608202
C7H5+	OH-		H	H2	OH	C7H2		7.51e-08	-0.5	0.0	2.0	0.0	logn	4	10.0	300.0	3	4324	1	1		33.63776704775565	0.0	33.63776704775565
C7H5+	C4H-		H	H2	C4H	C7H2		7.51e-08	-0.5	0.0	2.0	0.0	logn	4	10.0	300.0	3	4325	1	1		207.56876945021622	0.0	207.56876945021622
C7H5+	C5-		H	H2	C5	C7H2		7.51e-08	-0.5	0.0	2.0	0.0	logn	4	10.0	300.0	3	4326	1	1		137.31694784878505	0.0	137.31694784878505
C7H5+	C5H-		H	H2	C5H	C7H2		7.51e-08	-0.5	0.0	2.0	0.0	logn	4	10.0	300.0	3	4327	1	1		98.04172278687723	0.0	98.04172278687723
C7H5+	C6-		H	H2	C6	C7H2		7.51e-08	-0.5	0.0	2.0	0.0	logn	4	10.0	300.0	3	4328	1	1		262.0278922886962	0.0	262.0278922886962
C7H5+	C6H-		H	H2	C6H	C7H2		7.51e-08	-0.5	0.0	2.0	0.0	logn	4	10.0	300.0	3	4329	1	1		229.47901495420857	0.0	229.47901495420857
C7H5+	C7-		H	H2	C7	C7H2		7.51e-08	-0.5	0.0	2.0	0.0	logn	4	10.0	300.0	3	4330	1	1		187.2984638809892	0.0	187.2984638809892
C7H5+	C7H-		H	H2	C7H	C7H2		7.51e-08	-0.5	0.0	2.0	0.0	logn	4	10.0	300.0	3	4331	1	1		137.69806545763686	0.0	137.69806545763686
C7H5+	C8-		H	H2	C8	C7H2		7.51e-08	-0.5	0.0	2.0	0.0	logn	4	10.0	300.0	3	4332	1	1		282.5376172209537	0.0	282.5376172209537
C7H5+	C8H-		H	H2	C7H2	C8H		7.51e-08	-0.5	0.0	2.0	0.0	logn	4	10.0	300.0	3	4333	1	1		245.06009840076817	0.0	245.06009840076817
C7H5+	C9-		H	H2	C7H2	C9		7.51e-08	-0.5	0.0	2.0	0.0	logn	4	10.0	300.0	3	4334	1	1		220.62414795950733	0.0	220.62414795950733
C7H5+	C9H-		H	H2	C7H2	C9H		7.51e-08	-0.5	0.0	2.0	0.0	logn	4	10.0	300.0	3	4335	1	1		165.31906270179005	0.0	165.31906270179005
C7H5+	C10-		H	H2	C7H2	C10		7.51e-08	-0.5	0.0	2.0	0.0	logn	4	10.0	300.0	3	4336	1	1		297.4913373949193	0.0	297.4913373949193
C7H5+	C10H-		H	H2	C7H2	C10H		7.51e-08	-0.5	0.0	2.0	0.0	logn	4	10.0	300.0	3	4337	1	1		256.64968640380977	0.0	256.64968640380977
C7H5+	C3N-		H	H2	C3N	C7H2		7.51e-08	-0.5	0.0	2.0	0.0	logn	4	10.0	300.0	3	4338	1	1		279.7822860361103	0.0	279.7822860361103
C9H4+	C-		C	H2	C9H2			7.51e-08	-0.5	0.0	2.0	0.0	logn	4	10.0	300.0	3	4379	1	1		1295.5761337209078	0.0	1295.5761337209078
C9H4+	H-		H	H2	C9H2			7.51e-08	-0.5	0.0	2.0	0.0	logn	4	10.0	300.0	3	4380	1	1		1248.269476032104	0.0	1248.269476032104
C9H4+	O-		O	H2	C9H2			7.51e-08	-0.5	0.0	2.0	0.0	logn	4	10.0	300.0	3	4381	1	1		1306.836250329281	0.0	1306.836250329281
C9H4+	S-		S	H2	C9H2			7.51e-08	-0.5	0.0	2.0	0.0	logn	4	10.0	300.0	3	4382	1	1		1366.1894551941625	0.0	1366.1894551941625
C9H4+	CN-		CN	H2	C9H2			7.51e-08	-0.5	0.0	2.0	0.0	logn	4	10.0	300.0	3	4383	1	1		1548.5389822107074	0.0	1548.5389822107074
C9H4+	OH-		H2	OH	C9H2			7.51e-08	-0.5	0.0	2.0	0.0	logn	4	10.0	300.0	3	4384	1	1		1346.257823397792	0.0	1346.257823397792
C9H4+	C4H-		H2	C4H	C9H2			7.51e-08	-0.5	0.0	2.0	0.0	logn	4	10.0	300.0	3	4385	1	1		1520.1888257999542	0.0	1520.1888257999542
C9H4+	C5-		H2	C5	C9H2			7.51e-08	-0.5	0.0	2.0	0.0	logn	4	10.0	300.0	3	4386	1	1		1449.9370041986722	0.0	1449.9370041986722
C9H4+	C5H-		H2	C5H	C9H2			7.51e-08	-0.5	0.0	2.0	0.0	logn	4	10.0	300.0	3	4387	1	1		1410.6617791369135	0.0	1410.6617791369135
C9H4+	C6-		H2	C6	C9H2			7.51e-08	-0.5	0.0	2.0	0.0	logn	4	10.0	300.0	3	4388	1	1		1574.6479486387325	0.0	1574.6479486387325
C9H4+	C6H-		H2	C6H	C9H2			7.51e-08	-0.5	0.0	2.0	0.0	logn	4	10.0	300.0	3	4389	1	1		1542.099071304245	0.0	1542.099071304245
C9H4+	C7-		H2	C7	C9H2			7.51e-08	-0.5	0.0	2.0	0.0	logn	4	10.0	300.0	3	4390	1	1		1499.918520231324	0.0	1499.918520231324
C9H4+	C7H-		H2	C7H	C9H2			7.51e-08	-0.5	0.0	2.0	0.0	logn	4	10.0	300.0	3	4391	1	1		1450.3181218076734	0.0	1450.3181218076734
C9H4+	C8-		H2	C8	C9H2			7.51e-08	-0.5	0.0	2.0	0.0	logn	4	10.0	300.0	3	4392	1	1		1595.1576735712886	0.0	1595.1576735712886
C9H4+	C8H-		H2	C8H	C9H2			7.51e-08	-0.5	0.0	2.0	0.0	logn	4	10.0	300.0	3	4393	1	1		1557.6801547514015	0.0	1557.6801547514015
C9H4+	C9-		H2	C9	C9H2			7.51e-08	-0.5	0.0	2.0	0.0	logn	4	10.0	300.0	3	4394	1	1		1533.2442043098422	0.0	1533.2442043098422
C9H4+	C9H-		H2	C9H	C9H2			7.51e-08	-0.5	0.0	2.0	0.0	logn	4	10.0	300.0	3	4395	1	1		1477.939119051528	0.0	1477.939119051528
C9H4+	C10-		H2	C10	C9H2			7.51e-08	-0.5	0.0	2.0	0.0	logn	4	10.0	300.0	3	4396	1	1		1610.1113937452542	0.0	1610.1113937452542
C9H4+	C10H-		H2	C10H	C9H2			7.51e-08	-0.5	0.0	2.0	0.0	logn	4	10.0	300.0	3	4397	1	1		1569.2697427541448	0.0	1569.2697427541448
C9H4+	C3N-		H2	C3N	C9H2			7.51e-08	-0.5	0.0	2.0	0.0	logn	4	10.0	300.0	3	4398	1	1		1592.4023423858482	0.0	1592.4023423858482
C+	C10H2		CH2	C10+				2.4e-09	0.0	0.0	2.0	0.0	logn	4	10.0	800.0	3	4422	1	1		216.97490195724376	0.0	216.97490195724376
C	C10H2		C5H	C6H				4e-11	0.0	0.0	2.0	0.0	logn	4	10.0	300.0	3	4436	1	2		96.44727725694403	0.0	96.44727725694403
C	C10H2		CCH	C9H				4e-11	0.0	0.0	2.0	0.0	logn	4	10.0	300.0	3	4438	1	2		84.77595743276042	0.0	84.77595743276042
C	C10H2		c-C3H	C8H				2e-11	0.0	0.0	2.0	0.0	logn	4	10.0	300.0	3	4439	1	2		105.7278165987159	0.0	105.7278165987159
C	C10H2		C8H	l-C3H				2e-11	0.0	0.0	2.0	0.0	logn	4	10.0	300.0	3	4440	1	2		113.86253514342825	0.0	113.86253514342825
C	C10H2		C4H	C7H				4e-11	0.0	0.0	2.0	0.0	logn	4	10.0	300.0	3	4441	1	2		97.64174857279866	0.0	97.64174857279866
O	C2H2		OH	CCH				1e-18	0.0	0.0	2.0	0.0	logn	4	10.0	800.0	3	4498	1	8		130.1706090939708	0.0	130.1706090939708
O	C2H4		OH	C2H3				1e-18	0.0	0.0	2.0	0.0	logn	4	10.0	800.0	3	4500	1	8		35.6168294537206	0.0	35.6168294537206
OH	C2H2		CCH	H2O				1.05e-13	2.68	6060.0	2.0	0.0	logn	4	10.0	800.0	3	4511	1	1		62.78007598877612	50.3853246	12.394751388776122
H2O	C2H2+		CCH	H3O+				2.2e-10	0.0	0.0	2.0	0.0	logn	4	10.0	800.0	3	4526	1	1		85.77740985069929	0.0	85.77740985069929
C	C6N		C3N	C4				6e-11	0.0	0.0	3.0	0.0	logn	4	10.0	300.0	3	4555	1	2		18.73612078208949	0.0	18.73612078208949
H2	C6N+		C5	HCNH+				3e-10	0.0	0.0	2.0	0.0	logn	4	10.0	300.0	3	4599	1	2		79.75058700651226	0.0	79.75058700651226
H2	C8N+		C7	HCNH+				3e-10	0.0	0.0	2.0	0.0	logn	4	10.0	300.0	3	4602	1	2		154.38938314720377	0.0	154.38938314720377
H2	C10N+		HNC	C9H+				3e-10	0.0	0.0	2.0	0.0	logn	4	10.0	300.0	3	4604	1	2		11.706356861572141	0.0	11.706356861572141
H2	C10N+		C9	HCNH+				3e-10	0.0	0.0	2.0	0.0	logn	4	10.0	300.0	3	4605	1	2		209.09661575440504	0.0	209.09661575440504
H2	HC6N+		H	H2C6N+				1.0	1.49e-09	0.0	2.0	0.0	logn	4	10.0	300.0	5	4635	1	2		45.42616265165981	0.0	45.42616265165981
H2	HC8N+		H	H2C8N+				1.0	1.49e-09	0.0	2.0	0.0	logn	4	10.0	300.0	5	4636	1	2		63.68796056803282	0.0	63.68796056803282
H2	HC10N+		H	H2C10N+				1.0	1.49e-09	0.0	2.0	0.0	logn	4	10.0	300.0	5	4637	1	2		76.58901217552177	0.0	76.58901217552177
C7	C+		C2	C6+				5e-11	0.0	0.0	10.0	0.0	logn	4	10.0	300.0	3	4649	1	2		197.08258177542112	0.0	197.08258177542112
C9	C+		C4	C6+				5e-11	0.0	0.0	10.0	0.0	logn	4	10.0	300.0	3	4656	1	2		196.479696040969	0.0	196.479696040969
H2	S+		H	HS+				2.2e-10	0.0	9860.0	2.0	0.0	logn	4	10.0	800.0	3	4728	1	1		98.35921349893704	81.98008259999999	16.37913089893705
H2	H2S+		H	H3S+				1.4e-11	0.0	2300.0	2.0	0.0	logn	4	10.0	800.0	3	4730	1	1		39.23032349478073	19.123143	20.107180494780728
O2	Si+		O	SiO+				1e-13	0.0	0.0	2.0	0.0	logn	4	10.0	800.0	3	4746	1	1		39.42474729826357	0.0	39.42474729826357
H2O	SiH+		Si	H3O+				8e-10	0.0	0.0	2.0	0.0	logn	4	10.0	800.0	3	4747	1	1		156.34896486663735	0.0	156.34896486663735
H2O	C5H3+		C5H2	H3O+				1.11e-09	-0.5	0.0	2.0	0.0	logn	4	10.0	800.0	3	4768	1	1		265.92628985869436	0.0	265.92628985869436
H2O	C6H3+		C6H2	H3O+				1.11e-09	-0.5	0.0	2.0	0.0	logn	4	10.0	800.0	3	4769	1	1		84.00488215564636	0.0	84.00488215564636
H2O	C7H3+		C7H2	H3O+				1.11e-09	-0.5	0.0	2.0	0.0	logn	4	10.0	800.0	3	4770	1	1		311.78857986221186	0.0	311.78857986221186
H2O	C8H3+		C8H2	H3O+				1.11e-09	-0.5	0.0	2.0	0.0	logn	4	10.0	800.0	3	4771	1	1		109.7344690556296	0.0	109.7344690556296
H2O	C9H3+		C9H2	H3O+				1.11e-09	-0.5	0.0	2.0	0.0	logn	4	10.0	800.0	3	4772	1	1		346.213403344811	0.0	346.213403344811
H2O	C10H3+		H3O+	C10H2				1.11e-09	-0.5	0.0	2.0	0.0	logn	4	10.0	800.0	3	4773	1	1		126.30478846802053	0.0	126.30478846802053
HCN	C5H3+		C5H2	HCNH+				2.9e-09	-0.5	0.0	2.0	0.0	logn	4	10.0	800.0	3	4774	1	1		243.65694681582545	0.0	243.65694681582545
HCN	C6H3+		C6H2	HCNH+				2.9e-09	-0.5	0.0	2.0	0.0	logn	4	10.0	800.0	3	4775	1	1		61.73553911277746	0.0	61.73553911277746
HCN	C7H3+		C7H2	HCNH+				2.9e-09	-0.5	0.0	2.0	0.0	logn	4	10.0	800.0	3	4776	1	1		289.51923681934295	0.0	289.51923681934295
HCN	C8H3+		C8H2	HCNH+				2.9e-09	-0.5	0.0	2.0	0.0	logn	4	10.0	800.0	3	4777	1	1		87.46512601276069	0.0	87.46512601276069
HCN	C9H3+		C9H2	HCNH+				2.9e-09	-0.5	0.0	2.0	0.0	logn	4	10.0	800.0	3	4778	1	1		323.9440603017929	0.0	323.9440603017929
HCN	C10H3+		HCNH+	C10H2				2.9e-09	-0.5	0.0	2.0	0.0	logn	4	10.0	800.0	3	4779	1	1		104.03544542515162	0.0	104.03544542515162
H	l-C3H3+		H2	l-C3H2+				1e-10	0.0	0.0	2.0	0.0	logn	4	10.0	800.0	3	4785	1	1		146.07275472074713	0.0	146.07275472074713
H	c-C3H3+		H2	c-C3H2+				1e-10	0.0	0.0	2.0	0.0	logn	4	10.0	800.0	3	4786	1	1		84.4892058145684	0.0	84.4892058145684
H2	C4H2+		H	C4H3+				1e-09	0.0	2000.0	2.0	0.0	logn	4	10.0	800.0	3	4787	1	1		44.390875412950145	16.628819999999997	27.762055412950147
H2	C6H2+		H	C6H3+				1e-09	0.0	2000.0	2.0	0.0	logn	4	10.0	800.0	3	4789	1	1		64.08044659281445	16.628819999999997	47.451626592814456
H2	C8H2+		H	C8H3+				1e-09	0.0	2000.0	2.0	0.0	logn	4	10.0	800.0	3	4791	1	1		79.32003122877751	16.628819999999997	62.69121122877751
H2	C10H2+		H	C10H3+				1e-09	0.0	2000.0	2.0	0.0	logn	4	10.0	800.0	3	4793	1	1		91.12304614269644	16.628819999999997	74.49422614269645
H	C5H3+		H2	C5H2+				7e-10	0.0	700.0	2.0	0.0	logn	4	10.0	800.0	3	4795	1	1		112.7247276354506	5.820087	106.9046406354506
H	C7H3+		H2	C7H2+				7e-10	0.0	700.0	2.0	0.0	logn	4	10.0	800.0	3	4797	1	1		100.86660347226984	5.820087	95.04651647226984
H	C9H3+		H2	C9H2+				7e-10	0.0	700.0	2.0	0.0	logn	4	10.0	800.0	3	4799	1	1		95.93089939125174	5.820087	90.11081239125174
Na	NH4+		H	NH3	Na+			1e-09	0.0	0.0	2.0	0.0	logn	4	10.0	800.0	3	4812	1	1		12.376437285319216	0.0	12.376437285319216
Mg	H3O+		H	H2O	Mg+			1e-09	0.0	0.0	2.0	0.0	logn	4	10.0	800.0	3	4813	1	1		97.22562516971014	0.0	97.22562516971014
Mg	NH4+		H	NH3	Mg+			1e-09	0.0	0.0	2.0	0.0	logn	4	10.0	800.0	3	4814	1	1		260.58568901336446	0.0	260.58568901336446
Mg	HCNH+		H	HCN	Mg+			1e-09	0.0	0.0	2.0	0.0	logn	4	10.0	800.0	3	4815	1	1		119.49496821257905	0.0	119.49496821257905
Mg	HCNH+		H	HNC	Mg+			1e-09	0.0	0.0	2.0	0.0	logn	4	10.0	800.0	3	4816	1	1		179.3408744448291	0.0	179.3408744448291
N2O	HCO+		CO	HN2O+				3.5e-10	0.0	0.0	2.0	0.0	logn	4	10.0	800.0	3	4821	1	1		30.931254151216674	0.0	30.931254151216674
S	CN		C	NS				5.71e-11	0.5	32000.0	2.0	0.0	logn	4	10.0	800.0	3	4845	1	1		278.3478936239509	266.06111999999996	12.286773623950921
S	CN		N	CS				1.73e-11	0.5	0.0	2.0	0.0	logn	4	10.0	800.0	3	4846	1	1		27.74613120902676	0.0	27.74613120902676
S	NO		O	NS				2.94e-11	0.5	17500.0	2.0	0.0	logn	4	10.0	800.0	3	4881	1	1		166.65055335982066	145.502175	21.14837835982067
H2	C3		H	l-C3H				8e-12	0.0	1420.0	2.0	0.0	logn	4	10.0	800.0	3	4911	1	1		126.91428494927827	11.806462199999999	115.10782274927827
H2	C3		H	c-C3H				8e-12	0.0	1420.0	2.0	0.0	logn	4	10.0	800.0	3	4912	1	1		118.77956640460324	11.806462199999999	106.97310420460325
H2	l-C3H		H	l-C3H2				1.14e-11	0.0	950.0	2.0	0.0	logn	4	10.0	800.0	3	4914	1	1		47.217200123292415	7.8986895	39.31851062329241
H2	C5		H	C5H				1.6e-10	0.0	1420.0	2.0	0.0	logn	4	10.0	800.0	3	4916	1	1		81.30858508025143	11.806462199999999	69.50212288025143
H2	C5H		H	C5H2				1.14e-11	0.0	950.0	2.0	0.0	logn	4	10.0	800.0	3	4917	1	1		79.6324657525349	7.8986895	71.7337762525349
H2	C7		H	C7H				1.6e-10	0.0	1420.0	2.0	0.0	logn	4	10.0	800.0	3	4919	1	1		47.407916457594105	11.806462199999999	35.601454257594106
H2	C7H		H	C7H2				1.14e-11	0.0	950.0	2.0	0.0	logn	4	10.0	800.0	3	4920	1	1		102.8494227060216	7.8986895	94.9507332060216
H2	C9H		H	C9H2				1.14e-11	0.0	950.0	2.0	0.0	logn	4	10.0	800.0	3	4924	1	1		121.27744103998617	7.8986895	113.37875153998617
H	C4H2		CCH	C2H2				9.96e-10	0.0	7750.0	2.0	0.0	logn	4	10.0	800.0	3	4929	1	1		118.01136106152421	64.4366775	53.57468356152421
H	C5H2		CCH	l-C3H2				4.98e-10	0.0	7750.0	2.0	0.0	logn	4	10.0	800.0	3	4931	1	1		116.16851196919114	64.4366775	51.73183446919114
H	C6H2		CCH	C4H2				9.96e-10	0.0	7750.0	2.0	0.0	logn	4	10.0	800.0	3	4934	1	1		124.55519976814485	64.4366775	60.118522268144844
H	C7H2		CCH	C5H2				9.96e-10	0.0	7750.0	2.0	0.0	logn	4	10.0	800.0	3	4936	1	1		112.48889969402575	64.4366775	48.052222194025745
H	C8H2		CCH	C6H2				9.96e-10	0.0	7750.0	2.0	0.0	logn	4	10.0	800.0	3	4937	1	1		126.60316868904252	64.4366775	62.16649118904252
H	C9H2		CCH	C7H2				9.96e-10	0.0	7750.0	2.0	0.0	logn	4	10.0	800.0	3	4939	1	1		113.22847684508743	64.4366775	48.791799345087426
H2	C4H2		H	C4H3				4.91e-10	-0.16	27900.0	2.0	0.0	logn	4	10.0	800.0	3	4947	1	1		246.17999448441546	231.972039	14.207955484415464
O2	C2H2		CCH	O2H				2.01e-11	0.0	37400.0	2.0	0.0	logn	4	10.0	800.0	3	4962	1	1		347.76768108456156	310.958934	36.80874708456156
O2	C4H2		O2H	C4H				2.01e-11	0.0	37400.0	2.0	0.0	logn	4	10.0	800.0	3	4965	1	1		346.98833810714666	310.958934	36.02940410714666
O2	C6H2		O2H	C6H				2.01e-11	0.0	37400.0	2.0	0.0	logn	4	10.0	800.0	3	4967	1	1		334.6432099118498	310.958934	23.684275911849795
O2	C8H2		O2H	C8H				2.01e-11	0.0	37400.0	2.0	0.0	logn	4	10.0	800.0	3	4969	1	1		330.07785888898024	310.958934	19.118924888980246
O2	C10H2		O2H	C10H				2.01e-11	0.0	37400.0	2.0	0.0	logn	4	10.0	800.0	3	4971	1	1		327.8555042445851	310.958934	16.89657024458512
H	C10H2		CCH	C8H2				9.96e-10	0.0	7750.0	2.0	0.0	logn	4	10.0	800.0	3	4973	1	1		127.13467494955566	64.4366775	62.69799744955566
H2	c-C3H2		H	CH2CCH				3.74e-12	2.0	1740.0	2.0	0.0	logn	4	10.0	800.0	3	4991	1	1		72.8821997183471	14.467073399999999	58.4151263183471
H	HC4N		CH2	C3N				1.48e-10	0.0	3590.0	2.0	0.0	logn	4	10.0	800.0	3	4995	1	1		229.3658766372259	29.848731899999997	199.51714473722592
H	HC6N		CH2	C5N				1.48e-10	0.0	3590.0	2.0	0.0	logn	4	10.0	800.0	3	4997	1	1		258.00688070904096	29.848731899999997	228.15814880904097
H	HC8N		CH2	C7N				1.48e-10	0.0	3590.0	2.0	0.0	logn	4	10.0	800.0	3	4999	1	1		262.8124387450289	29.848731899999997	232.9637068450289
H	O+		O	H+				7e-10	0.0	0.0	1.5	0.0	logn	5	10.0	300.0	3	5198	1	1		17.24469751706674	0.0	17.24469751706674
SiS	S+		S	SiS+				1.0	1.4e-09	2.14	2.0	0.0	logn	5	10.0	344.0	4	5246	1	1		25.541023475725197	0.0177928374	25.5232306383252
SiS	S+		S	SiS+				1.0	1.4e-09	2.14	2.0	0.0	logn	5	344.0	800.0	5	5246	2	1		25.541023475725197	0.0177928374	25.5232306383252
CO	CN+		CN	CO+				1.0	8.9e-10	0.251	2.0	0.0	logn	5	10.0	800.0	5	5264	1	1		24.679384194475944	0.0020869169099999997	24.677297277565945
NO	C3H+		c-C3H	NO+				0.25	7.48e-10	0.411	2.0	0.0	logn	5	10.0	13.0	4	5404	1	1		10.92641290736823	0.0034172225099999994	10.922995684858229
NO	C3H+		c-C3H	NO+				0.25	7.48e-10	0.411	2.0	0.0	logn	5	13.0	800.0	5	5404	2	1		10.92641290736823	0.0034172225099999994	10.922995684858229
NH3	C3H+		c-C3H	NH3+				0.167	9.93e-10	3.65	2.0	0.0	logn	5	10.0	800.0	4	5405	1	1		96.04141168308088	0.030347596499999997	96.01106408658089
H2S	S+		S	H2S+				0.0498	1.09e-09	1.77	2.0	0.0	logn	5	10.0	234.0	4	5556	1	1		20.043226056777016	0.014716505699999998	20.028509551077015
H2S	S+		S	H2S+				0.0498	1.09e-09	1.77	2.0	0.0	logn	5	234.0	800.0	5	5556	2	1		20.043226056777016	0.014716505699999998	20.028509551077015
C6	C+		C	C6+				5e-11	0.0	0.0	10.0	0.0	logn	5	10.0	300.0	3	6079	1	2		118.8449941321454	0.0	118.8449941321454
C8	C+		C	C8+				4e-11	0.0	0.0	10.0	0.0	logn	5	10.0	300.0	3	6080	1	2		16.833704341364427	0.0	16.833704341364427
H	C+		C	H+				9.28e-19	1.3	15900.0	2.0	0.0	logn	5	10.0	800.0	3	6091	1	1		233.2078445938164	132.199119	101.0087255938164
H	S+		S	H+				5.75e-16	1.2	27200.0	2.0	0.0	logn	5	10.0	800.0	3	6093	1	1		332.839911354444	226.151952	106.68795935444399
N	H+		H	N+				9.82e-12	-0.23	262.0	2.0	0.0	logn	5	10.0	800.0	3	6095	1	1		84.22716225357617	2.17837542	82.04878683357617
CH2	C4H2		CH3	C4H				2.16e-11	0.0	2160.0	1.25	100.0	logn	4	10.0	400.0	3	6960	1	1		94.78284665615226	17.9591256	76.82372105615227
CH3	C2H5		C3H7	H				1e-10	0.0	0.0	2.51	100.0	logn	4	10.0	400.0	3	6966	1	1		55.159026056290614	0.0	55.159026056290614
CH3	CH3CCH		CCH	C2H6				8.32e-13	0.0	4430.0	2.0	100.0	logn	4	10.0	400.0	3	6968	1	1		154.5305933124462	36.8328363	117.6977570124462
CH3	C4H3		CCH	C3H5				1.2e-10	0.0	0.0	10.0	100.0	logn	4	10.0	400.0	3	6977	1	1		100.07642216743602	0.0	100.07642216743602
CCH	CH3CHCH2		CH	CH2CHCHCH2				2e-11	0.0	0.0	2.5	100.0	logn	4	10.0	400.0	3	6990	1	1		106.35146216346533	0.0	106.35146216346533
C2H2	C2H5		CCH	C2H6				4.5e-13	0.0	11800.0	5.0	100.0	logn	4	10.0	400.0	3	7016	1	1		134.45079141235087	98.11003799999999	36.34075341235088
CH4	l-C3H2		CH3	CH2CCH				5.9e-11	0.0	0.0	10.0	100.0	logn	4	10.0	400.0	3	7029	1	1		18.37102660096887	0.0	18.37102660096887
l-C3H2	C3H8		C2H5	C4H5				1.6e-10	0.0	0.0	10.0	100.0	logn	4	10.0	400.0	3	7036	1	1		34.87076206577676	0.0	34.87076206577676
CH4	C4H3		CH3	CH2CHC2H				5.9e-11	0.0	0.0	10.0	100.0	logn	4	10.0	400.0	3	7073	1	1		14.076417158812811	0.0	14.076417158812811
NH2	C2H2		CCH	NH3				1.11e-13	0.0	1850.0	5.0	250.0	logn	4	10.0	400.0	3	7086	1	1		111.13258729464123	15.381658499999999	95.75092879464123
C2H3+	CO		C2H3CO+					2e-15	-2.5	0.0	10.0	0.0	logn	4	10.0	300.0	3	7144	1	1	2016/6/06 Urso from Loison et al. 2016	12.174208132350213	0.0	12.174208132350213
c-C3H2O	H3O+		C2H3CO+	H2O				0.5	1.4e-09	6.3	3.0	0.0	logn	4	10.0	300.0	4	7153	1	1	2016/6/06 Urso from Loison et al. 2016	15.544292312561517	0.05238078299999999	15.491911529561516
H2CCCO	H3O+		C2H3CO+	H2O				1.0	1.4e-09	3.8	3.0	0.0	logn	4	10.0	300.0	4	7156	1	1	2016/6/06 Urso from Loison et al. 2016	48.3836024791383	0.031594757999999994	48.3520077211383
